Barcode(Codon43_44_50_112)	MutResi
GCAGCCGGGGAC	WT
GCCGCAGGAGAC	42
GCCGCAGGCGAC	45
GCCGCAGGTGAC	46
GCCGCTGGAGAC	47
GCCGCTGGCGAC	48
GCCGCTGGTGAC	49
GCCGCGGGAGAC	52
GCAGCCGGGGAT	111
GCCGCGGGCGAC	42-45
GCCGCGGGTGAC	42-46
GCTGCAGGAGAC	42-47
GCTGCAGGCGAC	42-48
GCTGCAGGTGAC	42-49
GCTGCTGGAGAC	42-52
GCTGCTGGCGAC	45-46
GCTGCTGGTGAC	45-47
GCTGCGGGAGAC	45-48
GCTGCGGGCGAC	45-49
GCTGCGGGTGAC	45-52
GCGGCAGGAGAC	46-47
GCGGCAGGCGAC	46-48
GCGGCAGGTGAC	46-49
GCGGCTGGAGAC	46-52
GCGGCTGGCGAC	47-48
GCGGCTGGTGAC	47-49
GCGGCGGGAGAC	47-52
GCGGCGGGCGAC	48-49
GCGGCGGGTGAC	48-52
GCAGCAGGAGAC	49-52
GCCGCAGGAGAT	42-111
GCCGCAGGCGAT	45-111
GCCGCAGGTGAT	46-111
GCCGCTGGAGAT	47-111
GCCGCTGGCGAT	48-111
GCCGCTGGTGAT	49-111
GCCGCGGGAGAT	52-111
